<?xml version="1.0" encoding="utf-8"?>
<addon addon_id="AlexusListOfTrophies" title="List of trophies by Alex Chernov" version_string="1.0" version_id="1" url="" install_callback_class="" install_callback_method="" uninstall_callback_class="" uninstall_callback_method="">
  <admin_navigation/>
  <admin_permissions/>
  <admin_style_properties/>
  <admin_templates/>
  <admin_template_modifications/>
  <code_events/>
  <code_event_listeners>
    <listener event_id="init_dependencies" execute_order="10" callback_class="AlexusListOfTrophies_Listener" callback_method="init" active="1" hint="" description="List of trophies by Alex Chernov helper"/>
  </code_event_listeners>
  <cron/>
  <email_templates/>
  <email_template_modifications/>
  <optiongroups/>
  <permissions>
    <permission_groups/>
    <permissions/>
    <interface_groups/>
  </permissions>
  <phrases/>
  <route_prefixes/>
  <style_properties/>
  <templates/>
  <public_template_modifications/>
  <bb_code_media_sites/>
  <bb_codes/>
</addon>
